{"proxies":{"ti.light.TilightModule":{"superPackageName":"org.appcelerator.kroll","methods":{"turnOff":{"runOnUiThread":false,"hasInvocation":false,"args":[],"apiName":"turnOff","converter":"org.appcelerator.kroll.KrollConverter","defaultValueProvider":"org.appcelerator.kroll.KrollConverter","name":"__default_name__","returnType":"void"},"turnOn":{"runOnUiThread":false,"hasInvocation":false,"args":[],"apiName":"turnOn","converter":"org.appcelerator.kroll.KrollConverter","defaultValueProvider":"org.appcelerator.kroll.KrollConverter","name":"__default_name__","returnType":"void"},"isOn":{"runOnUiThread":false,"hasInvocation":false,"args":[],"apiName":"isOn","converter":"org.appcelerator.kroll.KrollConverter","defaultValueProvider":"org.appcelerator.kroll.KrollConverter","name":"__default_name__","returnType":"boolean"},"toggle":{"runOnUiThread":false,"hasInvocation":false,"args":[],"apiName":"toggle","converter":"org.appcelerator.kroll.KrollConverter","defaultValueProvider":"org.appcelerator.kroll.KrollConverter","name":"__default_name__","returnType":"void"},"isSupported":{"runOnUiThread":false,"hasInvocation":false,"args":[],"apiName":"isSupported","converter":"org.appcelerator.kroll.KrollConverter","defaultValueProvider":"org.appcelerator.kroll.KrollConverter","name":"__default_name__","returnType":"boolean"}},"superProxyBindingClassName":"org.appcelerator.kroll.KrollModuleBindingGen","proxyClassName":"TilightModule","proxyAttrs":{"propertyAccessors":[],"fullAPIName":"Tilight","name":"Tilight","proxyClassName":"ti.light.TilightModule","isTopLevel":false,"id":"ti.light"},"packageName":"ti.light","sourceName":"ti.light.TilightModuleBindingGen","isTitaniumSdk":false,"superProxyClassName":"KrollModule","isModule":true,"genClassName":"TilightModuleBindingGen","onAppCreate":"onAppCreate"}},"modules":{"ti.light.TilightModule":{"apiName":"Tilight"}}}